Rs_values,Rs_mean,Rs_sd,decision,score,I_expected_M,Rs_mean_ohm,Rs_sd_ohm,kappa_S_cm,Lambda_observed,Lambda_model,Lambda_residual,notes,I_value,salinity_level,salinity_led,salinity_status,fault_level,fault_led,fault_message,time
"[36.70690962840475, 36.66421288146021, 36.85116629166965]",36.74076293384487,0.09796646933594827,ACCEPT,3,0.18,36.74076293384487,0.09796646933594827,0.023079270333248445,128.21816851804692,140.7730758772843,-12.554907359237376,"['Rs SD within calibration range', 'Measurement close to physical model', 'Physical values positive']",0.18,optimal_growth_range,green,Optimal ionic growth condition,none,off,System OK,2026-06-23 19:33:24.132321
"[58.5331, 58.942172, 58.942476]",58.805915999999996,0.23626563545298013,REVIEW,1,0.1,58.805915999999996,0.23626563545298013,0.014419467592342241,144.1946759234224,370.54360989041066,-61.08563956451215,106.46053813001375,35.44424859784784,"['Rs SD acceptable', 'Far from empirical model', 'Drifting from grounded reference', 'Physical values positive']",kcell,0.1,,0.1,optimal_growth_range,green,Optimal ionic growth condition,empirical_model_drift,pulse,Measurement far from empirical model,0.6233427095999999,2026-06-24T20:52:30
"[310.43, 311.865, 313.438]",311.911,1.5045275005794914,REVIEW,1,0.01,311.911,1.5045275005794914,0.0027185639493317003,271.85639493317,289.7932264682,-6.18952753093359,120.3484204091024,125.89112014020958,"['Rs SD mildly elevated', 'Close to empirical model', 'Far from grounded reference', 'Physical values positive']",known,0.01,,0.01,hypotonic_suboptimal,blue,Hypotonic suboptimal growth condition,physical_reference_drift,pulse,Measurement far from grounded reference,2026-06-24T20:57:48
"[572.1560000000001, 578.3050000000001, 584.461]",578.3073333333334,6.15250033184339,REJECT,0,0.01,578.3073333333334,6.15250033184339,0.0014662618838195605,146.62618838195604,289.7932264682,-49.40316922899306,120.3484204091024,21.834742727430225,"['Rs SD high', 'Far from empirical model', 'Within grounded physical reference', 'Physical values positive']",calibrate,0.01,,0.01,hypotonic_suboptimal,blue,Hypotonic suboptimal growth condition,unstable_signal,slow_blink,High EIS variability,2026-06-24T21:02:24
"[607.6080000000001, 610.866, 611.662]",610.0453333333334,2.147987274946765,REVIEW,1,,610.0453333333334,2.147987274946765,0.0013899786682519768,,,,,,"['Rs SD mildly elevated', 'Unknown sample: skipped model residual checks', 'Physical values positive']",predict,0.01,0.004973820752061356,0.004973820752061356,severe_hypotonic_stress,white,Severe hypotonic condition / lysis risk,review,solid,Measurement requires review,2026-06-24T21:04:59
"[15.526072, 224.883, 135.846]",125.41835733333335,105.06727665685003,REJECT,-2,0.01,125.41835733333335,105.06727665685003,0.004899601725501789,489.96017255017887,134.55393999999998,264.13662249517097,119.8478746509,308.818407483123,"['Rs SD high', 'Far from empirical model', 'Far from grounded reference', 'Physical values positive']",known,0.01,,0.01,hypotonic_suboptimal,blue,Hypotonic suboptimal growth condition,unstable_signal,slow_blink,High EIS variability,2026-06-25T19:20:34
"[56.428231999999994, 56.595344, 56.778028]",56.60053466666667,0.17495575917738226,REJECT,0,0.01,56.60053466666667,0.17495575917738226,0.010856787901720882,1085.6787901720882,134.55393999999998,706.8725376396175,119.8478746509,805.8807203169167,"['Rs SD acceptable', 'Far from empirical model', 'Far from grounded reference', 'Physical values positive']",kcell,0.01,,0.01,hypotonic_suboptimal,blue,Hypotonic suboptimal growth condition,empirical_model_drift,pulse,Measurement far from empirical model,0.5999656674666667,2026-06-25T19:23:01
"[57.147476, 57.122527999999996, 57.151416]",57.14047333333334,0.015665476096607126,ACCEPT,4,0.1,57.14047333333334,0.015665476096607126,0.010754198629319487,107.54198629319485,111.26248545119958,-3.343893624986979,101.45508054798974,5.999606636087504,"['Rs SD acceptable', 'Close to empirical model', 'Within grounded physical reference', 'Physical values positive']",kcell,0.1,,0.1,optimal_growth_range,green,Optimal ionic growth condition,none,off,System OK,0.6056890173333334,2026-06-25T19:24:38
"[7925.301, 14840.742, 3756.867]",8840.970000000001,5598.384458223372,REJECT,-2,0.1,8840.970000000001,5598.384458223372,6.85093397368539e-05,0.6850933973685389,111.26248545119958,-99.3842548145583,101.45508054798974,-99.32473229170176,"['Rs SD high', 'Far from empirical model', 'Far from grounded reference', 'Physical values positive']",kcell,0.1,,0.1,optimal_growth_range,green,Optimal ionic growth condition,unstable_signal,slow_blink,High EIS variability,93.71428200000001,2026-06-25T19:35:10
"[27.61599, 27.643182, 27.745749999999997]",27.66830733333333,0.0684315437596811,ACCEPT,4,0.5,27.66830733333333,0.0684315437596811,0.02189107595330311,43.78215190660622,50.35496049446099,-13.05295153310224,53.91732567380715,-18.797619578755487,"['Rs SD acceptable', 'Close to empirical model', 'Within grounded physical reference', 'Physical values positive']",calibrate,0.5,,0.5,hypertonic_suboptimal,yellow,Hypertonic suboptimal growth condition,none,off,System OK,2026-06-25T19:42:22
"[27.587069999999997, 27.532377999999998, 27.580786]",27.566744666666665,0.029927796399557175,ACCEPT,4,0.5,27.566744666666665,0.029927796399557175,0.021971728060648538,43.943456121297075,50.35496049446099,-12.732617224214039,53.91732567380715,-18.49845003969725,"['Rs SD acceptable', 'Close to empirical model', 'Within grounded physical reference', 'Physical values positive']",calibrate,0.5,,0.5,hypertonic_suboptimal,yellow,Hypertonic suboptimal growth condition,none,off,System OK,2026-06-25T19:45:45
"[109.07271999999999, 81.59284799999999, 82.219048]",90.96153866666667,15.687867878608019,REJECT,-2,0.5,90.96153866666667,15.687867878608019,0.006658737596259365,13.31747519251873,50.35496049446099,-73.55280381168477,53.91732567380715,-75.30019334955942,"['Rs SD high', 'Far from empirical model', 'Far from grounded reference', 'Physical values positive']",calibrate,0.5,,0.5,hypertonic_suboptimal,yellow,Hypertonic suboptimal growth condition,unstable_signal,slow_blink,High EIS variability,2026-06-25T19:49:21
"[83.02564, 83.381424, 83.74252]",83.38319466666667,0.3584432800951003,REVIEW,2,0.05,83.38319466666667,0.3584432800951003,0.007263921942000911,145.2784388400182,122.14649875655982,18.93786585693361,110.02296538950127,32.04374043701345,"['Rs SD acceptable', 'Drifting from empirical model', 'Drifting from grounded reference', 'Physical values positive']",calibrate,0.05,,0.05,hypotonic_suboptimal,blue,Hypotonic suboptimal growth condition,review,solid,Measurement requires review,2026-06-25T19:50:38
"[229.16, 230.254, 231.338]",230.25066666666666,1.0890038261334671,REVIEW,1,0.05,230.25066666666666,1.0890038261334671,0.002630563577087001,52.61127154174002,122.14649875655982,-56.92772852491233,110.02296538950127,-52.18155468225514,"['Rs SD acceptable', 'Far from empirical model', 'Drifting from grounded reference', 'Physical values positive']",calibrate,0.05,,0.05,hypotonic_suboptimal,blue,Hypotonic suboptimal growth condition,empirical_model_drift,pulse,Measurement far from empirical model,2026-06-26T10:37:42
"[232.423, 232.352, 231.746]",232.17366666666666,0.3720676461792002,REJECT,0,0.01,232.17366666666666,0.3720676461792002,0.002608775689462342,260.8775689462342,134.55393999999998,93.88326268724217,119.8478746509,117.67392179972641,"['Rs SD acceptable', 'Far from empirical model', 'Far from grounded reference', 'Physical values positive']",calibrate,0.01,,0.01,hypotonic_suboptimal,blue,Hypotonic suboptimal growth condition,empirical_model_drift,pulse,Measurement far from empirical model,2026-06-26T10:56:20
"[231.622, 231.214, 231.053]",231.29633333333334,0.29329905102699994,REJECT,0,0.01,231.29633333333334,0.29329905102699994,0.002618671072750829,261.8671072750829,134.55393999999998,94.61868398285694,119.8478746509,118.49958377473523,"['Rs SD acceptable', 'Far from empirical model', 'Far from grounded reference', 'Physical values positive']",calibrate,0.01,,0.01,hypotonic_suboptimal,blue,Hypotonic suboptimal growth condition,empirical_model_drift,pulse,Measurement far from empirical model,2026-06-26T10:58:51
"[51.667676, 51.873064, 52.151744]",51.89749466666667,0.24295699261666356,ACCEPT,4,0.1,51.89749466666667,0.24295699261666356,0.011670871999190405,116.70871999190405,111.26248545119958,4.894942368596663,101.45508054798974,15.03486997548547,"['Rs SD acceptable', 'Close to empirical model', 'Within grounded physical reference', 'Physical values positive']",kcell,0.1,,0.1,optimal_growth_range,green,Optimal ionic growth condition,none,off,System OK,0.5501134434666667,2026-06-26T11:07:35
"[52.789432, 52.21968, 52.797252]",52.60212133333332,0.33122698890841346,ACCEPT,4,0.1,52.60212133333332,0.33122698890841346,0.010458008717569847,104.58008717569847,111.26248545119958,-6.005976091943457,101.45508054798974,3.080187419722716,"['Rs SD acceptable', 'Close to empirical model', 'Within grounded physical reference', 'Physical values positive']",kcell,0.1,,0.1,optimal_growth_range,green,Optimal ionic growth condition,none,off,System OK,0.5575824861333332,2026-06-26T11:12:01
"[51.979212, 51.9403, 51.856964]",51.925492,0.06245479184177934,ACCEPT,4,0.1,51.925492,0.06245479184177934,0.01073812620077501,107.3812620077501,111.26248545119958,-3.4883486807885613,101.45508054798974,5.841187477010761,"['Rs SD acceptable', 'Close to empirical model', 'Within grounded physical reference', 'Physical values positive']",kcell,0.1,,0.1,optimal_growth_range,green,Optimal ionic growth condition,none,off,System OK,0.5504102152,2026-06-26T11:15:50
"[51.702064, 51.716488, 51.662256]",51.69360266666666,0.028088664570130695,ACCEPT,4,0.1,51.69360266666666,0.028088664570130695,0.010647549925068743,106.47549925068742,111.26248545119958,-4.30242608827192,101.45508054798974,4.948415274603179,"['Rs SD acceptable', 'Close to empirical model', 'Within grounded physical reference', 'Physical values positive']",kcell,0.1,,0.1,optimal_growth_range,green,Optimal ionic growth condition,none,off,System OK,0.5479521882666666,2026-06-26T11:17:14
"[174.673, 175.974, 176.629]",175.75866666666664,0.9956205769937265,REJECT,0,0.01,175.75866666666664,0.9956205769937265,0.0031176396513400953,311.76396513400954,134.55393999999998,131.7018477006393,119.8478746509,160.13307790574854,"['Rs SD acceptable', 'Far from empirical model', 'Far from grounded reference', 'Physical values positive']",calibrate,0.01,,0.01,hypotonic_suboptimal,blue,Hypotonic suboptimal growth condition,empirical_model_drift,pulse,Measurement far from empirical model,2026-06-26T11:21:14
"[86.158856, 87.14811999999999, 88.41408799999999]",87.24035466666665,1.1304416255416843,ACCEPT,4,0.05,87.24035466666665,1.1304416255416843,0.006280948654556899,125.61897309113797,122.14649875655982,2.842876684905112,110.02296538950127,14.175229368181462,"['Rs SD acceptable', 'Close to empirical model', 'Within grounded physical reference', 'Physical values positive']",calibrate,0.05,,0.05,hypotonic_suboptimal,blue,Hypotonic suboptimal growth condition,none,off,System OK,2026-06-26T11:28:32
"[90.541776, 90.878416, 91.197096]",90.87242933333333,0.3277010157648804,ACCEPT,4,0.05,90.87242933333333,0.3277010157648804,0.006029905795262697,120.59811590525393,122.14649875655982,-1.2676440725426303,110.02296538950127,9.611766487400804,"['Rs SD acceptable', 'Close to empirical model', 'Within grounded physical reference', 'Physical values positive']",calibrate,0.05,,0.05,hypotonic_suboptimal,blue,Hypotonic suboptimal growth condition,none,off,System OK,2026-06-26T11:30:44
"[91.335472, 91.770016, 91.99624]",91.700576,0.3358124813880531,ACCEPT,4,0.05,91.700576,0.3358124813880531,0.005975449797247365,119.5089959449473,122.14649875655982,-2.159294649017416,110.02296538950127,8.621864100702762,"['Rs SD acceptable', 'Close to empirical model', 'Within grounded physical reference', 'Physical values positive']",calibrate,0.05,,0.05,hypotonic_suboptimal,blue,Hypotonic suboptimal growth condition,none,off,System OK,2026-06-26T11:32:00
"[92.335944, 92.349344, 92.28272799999999]",92.32267200000001,0.03523538494185015,ACCEPT,4,0.05,92.32267200000001,0.03523538494185015,0.005935185544312089,118.70371088624178,122.14649875655982,-2.818572701931949,110.02296538950127,7.889939583076223,"['Rs SD acceptable', 'Close to empirical model', 'Within grounded physical reference', 'Physical values positive']",calibrate,0.05,,0.05,hypotonic_suboptimal,blue,Hypotonic suboptimal growth condition,none,off,System OK,2026-06-26T11:34:13
"[41.96938, 42.227432, 42.540712]",42.24584133333333,0.28611054021362586,REJECT,0,0.05,42.24584133333333,0.28611054021362586,0.012970559254416236,259.4111850883247,122.14649875655982,112.37709449645044,110.02296538950127,135.77912499446094,"['Rs SD acceptable', 'Far from empirical model', 'Far from grounded reference', 'Physical values positive']",calibrate,0.05,,0.05,hypotonic_suboptimal,blue,Hypotonic suboptimal growth condition,empirical_model_drift,pulse,Measurement far from empirical model,2026-06-26T11:37:26
"[43.669948, 43.638695999999996, 43.680316]",43.66298666666666,0.021665669187296715,ACCEPT,3,0.15,43.66298666666666,0.021665669187296715,0.012549581008964418,83.66387339309613,101.98908436544961,-17.967815954391916,94.1802196862555,-11.166194269022405,"['Rs SD acceptable', 'Drifting from empirical model', 'Within grounded physical reference', 'Physical values positive']",calibrate,0.15,,0.15,optimal_growth_range,green,Optimal ionic growth condition,none,off,System OK,2026-06-26T11:43:28
"[43.708132, 43.77926, 43.703464]",43.730285333333335,0.04247747682400022,ACCEPT,3,0.15,43.730285333333335,0.04247747682400022,0.012530267847326186,83.53511898217458,101.98908436544961,-18.094059279079673,94.1802196862555,-11.302904940701094,"['Rs SD acceptable', 'Drifting from empirical model', 'Within grounded physical reference', 'Physical values positive']",calibrate,0.15,,0.15,optimal_growth_range,green,Optimal ionic growth condition,none,off,System OK,2026-06-26T11:45:05
"[43.762215999999995, 43.708284, 43.693695999999996]",43.72139866666666,0.0360935376671956,ACCEPT,3,0.15,43.72139866666666,0.0360935376671956,0.012532814708062558,83.55209805375038,101.98908436544961,-18.07741134888063,94.1802196862555,-11.284876662966802,"['Rs SD acceptable', 'Drifting from empirical model', 'Within grounded physical reference', 'Physical values positive']",calibrate,0.15,,0.15,optimal_growth_range,green,Optimal ionic growth condition,none,off,System OK,2026-06-26T11:46:26
"[43.662036, 43.52628, 43.736695999999995]",43.64167066666666,0.10667606744407518,ACCEPT,3,0.15,43.64167066666666,0.10667606744407518,0.012555710629226445,83.7047375281763,101.98908436544961,-17.927748789033572,94.1802196862555,-11.12280497218672,"['Rs SD acceptable', 'Drifting from empirical model', 'Within grounded physical reference', 'Physical values positive']",calibrate,0.15,,0.15,optimal_growth_range,green,Optimal ionic growth condition,none,off,System OK,2026-06-26T11:48:11
"[32.112297999999996, 32.319654, 32.467819999999996]",32.299924,0.17858031189355725,ACCEPT,3,0.3,32.299924,0.17858031189355725,0.016964503949503617,56.54834649834539,78.11405921973639,-27.607978559565346,75.52288607669004,-25.124224674195947,"['Rs SD acceptable', 'Drifting from empirical model', 'Within grounded physical reference', 'Physical values positive']",calibrate,0.3,,0.3,hypertonic_suboptimal,yellow,Hypertonic suboptimal growth condition,none,off,System OK,2026-06-26T11:51:35
"[32.771288, 32.802285999999995, 32.79962]",32.791064666666664,0.017178891039100502,ACCEPT,3,0.3,32.791064666666664,0.017178891039100502,0.01671041162697228,55.70137208990761,78.11405921973639,-28.692257646963974,75.52288607669004,-26.245705131891533,"['Rs SD acceptable', 'Drifting from empirical model', 'Within grounded physical reference', 'Physical values positive']",calibrate,0.3,,0.3,hypertonic_suboptimal,yellow,Hypertonic suboptimal growth condition,none,off,System OK,2026-06-26T11:54:54
"[32.785745999999996, 32.718142, 32.735094]",32.74632733333333,0.03517408189751665,ACCEPT,3,0.3,32.74632733333333,0.03517408189751665,0.016733241034602737,55.77747011534246,78.11405921973639,-28.594838531640846,75.52288607669004,-26.14494358875138,"['Rs SD acceptable', 'Drifting from empirical model', 'Within grounded physical reference', 'Physical values positive']",calibrate,0.3,,0.3,hypertonic_suboptimal,yellow,Hypertonic suboptimal growth condition,none,off,System OK,2026-06-26T11:57:57
"[153.737, 156.30700000000002, 157.453]",155.8323333333333,1.9029307221581548,REJECT,-1,0.01,155.8323333333333,1.9029307221581548,0.0035162932912938477,351.62932912938476,134.55393999999998,161.32964157674223,119.8478746509,193.3963828341817,"['Rs SD mildly elevated', 'Far from empirical model', 'Far from grounded reference', 'Physical values positive']",calibrate,0.01,,0.01,hypotonic_suboptimal,blue,Hypotonic suboptimal growth condition,empirical_model_drift,pulse,Measurement far from empirical model,2026-06-26T12:19:59
"[161.469, 161.497, 161.989]",161.65166666666667,0.2924745003129909,REJECT,0,0.01,161.65166666666667,0.2924745003129909,0.003389709488096833,338.9709488096833,134.55393999999998,151.9219792521002,119.8478746509,182.83434295106025,"['Rs SD acceptable', 'Far from empirical model', 'Far from grounded reference', 'Physical values positive']",calibrate,0.01,,0.01,hypotonic_suboptimal,blue,Hypotonic suboptimal growth condition,empirical_model_drift,pulse,Measurement far from empirical model,2026-06-26T12:23:16
"[180.073, 181.699, 183.358]",181.71000000000004,1.642527625338458,REVIEW,2,0.02,181.71000000000004,1.642527625338458,0.0030155312765762286,150.77656382881145,130.66587209889218,15.390929097919955,116.76046792756144,29.133230197701593,"['Rs SD mildly elevated', 'Drifting from empirical model', 'Within grounded physical reference', 'Physical values positive']",calibrate,0.02,,0.02,hypotonic_suboptimal,blue,Hypotonic suboptimal growth condition,review,solid,Measurement requires review,2026-06-26T12:39:54
"[186.892, 187.977, 188.627]",187.83200000000002,0.8765414993028064,ACCEPT,4,0.02,187.83200000000002,0.8765414993028064,0.0029172462001504883,145.8623100075244,130.66587209889218,11.629997691463814,116.76046792756144,24.924396584311257,"['Rs SD acceptable', 'Close to empirical model', 'Within grounded physical reference', 'Physical values positive']",calibrate,0.02,,0.02,hypotonic_suboptimal,blue,Hypotonic suboptimal growth condition,none,off,System OK,2026-06-26T12:41:35
"[191.357, 191.37800000000001, 191.102]",191.279,0.15364569632762476,ACCEPT,4,0.02,191.279,0.15364569632762476,0.0028646750990263784,143.2337549513189,130.66587209889218,9.618336181091676,116.76046792756144,22.6731594122949,"['Rs SD acceptable', 'Close to empirical model', 'Within grounded physical reference', 'Physical values positive']",calibrate,0.02,,0.02,hypotonic_suboptimal,blue,Hypotonic suboptimal growth condition,none,off,System OK,2026-06-26T12:45:01
"[191.749, 191.917, 192.153]",191.93966666666665,0.202951554153528,ACCEPT,4,0.02,191.93966666666665,0.202951554153528,0.0028548147331018945,142.7407366550947,130.66587209889218,9.241023966123212,116.76046792756144,22.250911792895103,"['Rs SD acceptable', 'Close to empirical model', 'Within grounded physical reference', 'Physical values positive']",calibrate,0.02,,0.02,hypotonic_suboptimal,blue,Hypotonic suboptimal growth condition,none,off,System OK,2026-06-26T12:48:51
"[192.54, 192.643, 192.351]",192.51133333333334,0.14809568978648008,ACCEPT,4,0.02,192.51133333333334,0.14809568978648008,0.0028463372975443863,142.3168648772193,130.66587209889218,8.91663032678439,116.76046792756144,21.887885003606815,"['Rs SD acceptable', 'Close to empirical model', 'Within grounded physical reference', 'Physical values positive']",calibrate,0.02,,0.02,hypotonic_suboptimal,blue,Hypotonic suboptimal growth condition,none,off,System OK,2026-06-26T12:50:51
"[192.221, 192.592, 192.338]",192.38366666666664,0.1896690099445234,ACCEPT,4,0.02,192.38366666666664,0.1896690099445234,0.002848226139779711,142.41130698898553,130.66587209889218,8.988907892646997,116.76046792756144,21.968770352426095,"['Rs SD acceptable', 'Close to empirical model', 'Within grounded physical reference', 'Physical values positive']",calibrate,0.02,,0.02,hypotonic_suboptimal,blue,Hypotonic suboptimal growth condition,none,off,System OK,2026-06-26T12:57:13
"[192.774, 192.279, 192.43800000000002]",192.49699999999999,0.25271921177464934,ACCEPT,4,0.02,192.49699999999999,0.25271921177464934,0.0028465492359188277,142.3274617959414,130.66587209889218,8.92474026287701,116.76046792756144,21.89696077977505,"['Rs SD acceptable', 'Close to empirical model', 'Within grounded physical reference', 'Physical values positive']",calibrate,0.02,,0.02,hypotonic_suboptimal,blue,Hypotonic suboptimal growth condition,none,off,System OK,2026-06-26T13:03:30
"[103.163912, 104.43019199999999, 105.249864]",104.28132266666667,1.0509141236948614,REVIEW,1,0.03,104.28132266666667,1.0509141236948614,0.005254557328719216,175.1519109573072,127.49809187947247,37.37610373250387,114.25131910728673,53.304060142038516,"['Rs SD acceptable', 'Far from empirical model', 'Drifting from grounded reference', 'Physical values positive']",calibrate,0.03,,0.03,hypotonic_suboptimal,blue,Hypotonic suboptimal growth condition,empirical_model_drift,pulse,Measurement far from empirical model,2026-06-26T13:05:27
"[108.517568, 108.180656, 108.678224]",108.458816,0.2539337054902325,REVIEW,1,0.03,108.458816,0.2539337054902325,0.005052168265110571,168.40560883701903,127.49809187947247,32.084807195559904,114.25131910728673,47.39926869367624,"['Rs SD acceptable', 'Far from empirical model', 'Drifting from grounded reference', 'Physical values positive']",calibrate,0.03,,0.03,hypotonic_suboptimal,blue,Hypotonic suboptimal growth condition,empirical_model_drift,pulse,Measurement far from empirical model,2026-06-26T13:09:01
"[187.665, 190.16400000000002, 192.387]",190.072,2.36234396310106,ACCEPT,3,0.02,190.072,2.36234396310106,0.0028828664309665103,144.14332154832553,130.66587209889218,10.314437299460398,116.76046792756144,23.452161597838494,"['Rs SD mildly elevated', 'Close to empirical model', 'Within grounded physical reference', 'Physical values positive']",calibrate,0.02,,0.02,hypotonic_suboptimal,blue,Hypotonic suboptimal growth condition,none,off,System OK,2026-06-26T13:10:55
"[247.145, 250.84, 253.701]",250.562,3.28682932322321,REVIEW,1,0.02,250.562,3.28682932322321,0.0021868926184603673,109.34463092301836,130.66587209889218,-16.31737563404254,116.76046792756144,-6.3513251840887515,"['Rs SD high', 'Drifting from empirical model', 'Within grounded physical reference', 'Physical values positive']",calibrate,0.02,,0.02,hypotonic_suboptimal,blue,Hypotonic suboptimal growth condition,unstable_signal,slow_blink,High EIS variability,2026-06-26T13:33:46
"[265.722, 266.03000000000003, 266.90500000000003]",266.219,0.6137287674535263,ACCEPT,3,0.02,266.219,0.6137287674535263,0.0020582760368969403,102.91380184484701,130.66587209889218,-21.238958427523826,116.76046792756144,-11.859036134819995,"['Rs SD acceptable', 'Drifting from empirical model', 'Within grounded physical reference', 'Physical values positive']",calibrate,0.02,,0.02,hypotonic_suboptimal,blue,Hypotonic suboptimal growth condition,none,off,System OK,2026-06-26T13:37:08
"[267.446, 267.812, 268.615]",267.9576666666667,0.5979584712447212,REJECT,0,0.01,267.9576666666667,0.5979584712447212,0.0020449207334989478,204.49207334989475,134.55393999999998,51.97776694602535,119.8478746509,70.6263660874683,"['Rs SD acceptable', 'Far from empirical model', 'Far from grounded reference', 'Physical values positive']",calibrate,0.01,,0.01,hypotonic_suboptimal,blue,Hypotonic suboptimal growth condition,empirical_model_drift,pulse,Measurement far from empirical model,2026-06-26T13:38:42
"[315.28000000000003, 314.943, 314.866]",315.0296666666666,0.22018704170169628,REVIEW,2,0.01,315.0296666666666,0.22018704170169628,0.001739366943007484,173.93669430074837,134.55393999999998,29.269120102130337,119.8478746509,45.13122974220569,"['Rs SD acceptable', 'Drifting from empirical model', 'Drifting from grounded reference', 'Physical values positive']",calibrate,0.01,,0.01,hypotonic_suboptimal,blue,Hypotonic suboptimal growth condition,review,solid,Measurement requires review,2026-06-26T13:53:47
"[312.564, 312.56600000000003, 312.692]",312.6073333333334,0.07333030296768005,REVIEW,1,0.01,312.6073333333334,0.07333030296768005,0.0017528449586382059,175.28449586382058,134.55393999999998,30.2708013335177,119.8478746509,46.25582337141953,"['Rs SD acceptable', 'Far from empirical model', 'Drifting from grounded reference', 'Physical values positive']",calibrate,0.01,,0.01,hypotonic_suboptimal,blue,Hypotonic suboptimal growth condition,empirical_model_drift,pulse,Measurement far from empirical model,2026-06-26T13:57:46
"[312.57800000000003, 312.186, 312.348]",312.3706666666667,0.1969805404940891,REVIEW,1,0.01,312.3706666666667,0.1969805404940891,0.0017541729961840203,175.417299618402,134.55393999999998,30.369500602064893,119.8478746509,46.36663364233028,"['Rs SD acceptable', 'Far from empirical model', 'Drifting from grounded reference', 'Physical values positive']",calibrate,0.01,,0.01,hypotonic_suboptimal,blue,Hypotonic suboptimal growth condition,empirical_model_drift,pulse,Measurement far from empirical model,2026-06-26T14:01:24
"[302.673, 303.956, 304.508]",303.71233333333333,0.9414543713496266,REVIEW,1,0.01,303.71233333333333,0.9414543713496266,0.001804181549865717,180.4181549865717,134.55393999999998,34.086118166864324,119.8478746509,50.53930285547775,"['Rs SD acceptable', 'Far from empirical model', 'Drifting from grounded reference', 'Physical values positive']",calibrate,0.01,,0.01,hypotonic_suboptimal,blue,Hypotonic suboptimal growth condition,empirical_model_drift,pulse,Measurement far from empirical model,2026-06-26T14:10:12
"[301.339, 305.06, 307.211]",304.5366666666667,2.9707750391662735,REJECT,0,0.01,304.5366666666667,2.9707750391662735,0.001799297911362616,179.9297911362616,134.55393999999998,33.723167925265976,119.8478746509,50.13181640506498,"['Rs SD mildly elevated', 'Far from empirical model', 'Drifting from grounded reference', 'Physical values positive']",calibrate,0.01,,0.01,hypotonic_suboptimal,blue,Hypotonic suboptimal growth condition,unstable_signal,slow_blink,High EIS variability,2026-06-26T14:14:34
"[316.096, 317.45300000000003, 319.274]",317.60766666666666,1.5946354860385255,REVIEW,1,0.01,317.60766666666666,1.5946354860385255,0.0017252486188935403,172.524861889354,134.55393999999998,28.219851376595912,119.8478746509,43.953209343006435,"['Rs SD mildly elevated', 'Drifting from empirical model', 'Drifting from grounded reference', 'Physical values positive']",calibrate,0.01,,0.01,hypotonic_suboptimal,blue,Hypotonic suboptimal growth condition,review,solid,Measurement requires review,2026-06-26T14:16:21
"[319.286, 318.493, 318.42400000000004]",318.7343333333333,0.4790013917864169,REVIEW,2,0.01,318.7343333333333,0.4790013917864169,0.001719150185473168,171.9150185473168,134.55393999999998,27.766618017515373,119.8478746509,43.44436148582616,"['Rs SD acceptable', 'Drifting from empirical model', 'Drifting from grounded reference', 'Physical values positive']",calibrate,0.01,,0.01,hypotonic_suboptimal,blue,Hypotonic suboptimal growth condition,review,solid,Measurement requires review,2026-06-26T14:20:46
"[312.522, 312.378, 311.372]",312.09066666666666,0.6265343832012058,REVIEW,1,0.01,312.09066666666666,0.6265343832012058,0.0017557467966573814,175.57467966573813,134.55393999999998,30.486464882216122,119.8478746509,46.49795015319419,"['Rs SD acceptable', 'Far from empirical model', 'Drifting from grounded reference', 'Physical values positive']",calibrate,0.01,,0.01,hypotonic_suboptimal,blue,Hypotonic suboptimal growth condition,empirical_model_drift,pulse,Measurement far from empirical model,2026-06-26T14:25:28
"[113.390048, 114.13743199999999, 115.208568]",114.24534933333332,0.9140505241644687,REVIEW,2,0.03,114.24534933333332,0.9140505241644687,0.004796275659921246,159.87585533070822,127.49809187947247,25.394704323766163,114.25131910728673,39.933487490484154,"['Rs SD acceptable', 'Drifting from empirical model', 'Drifting from grounded reference', 'Physical values positive']",calibrate,0.03,,0.03,hypotonic_suboptimal,blue,Hypotonic suboptimal growth condition,review,solid,Measurement requires review,2026-06-26T14:27:19
"[101.63915999999999, 102.53895999999999, 103.49125599999999]",102.55645866666664,0.9261719877027895,REVIEW,1,0.03,102.55645866666664,0.9261719877027895,0.005342932033638603,178.0977344546201,127.49809187947247,39.68658811222125,114.25131910728673,55.88243168324292,"['Rs SD acceptable', 'Far from empirical model', 'Drifting from grounded reference', 'Physical values positive']",calibrate,0.03,,0.03,hypotonic_suboptimal,blue,Hypotonic suboptimal growth condition,empirical_model_drift,pulse,Measurement far from empirical model,2026-06-26T14:32:18
"[131.03031199999998, 132.160304, 133.60684799999999]",132.26582133333332,1.291504885995147,ACCEPT,4,0.03,132.26582133333332,1.291504885995147,0.004142810158685893,138.09367195619643,127.49809187947247,8.310383254002156,114.25131910728673,20.868339232495636,"['Rs SD acceptable', 'Close to empirical model', 'Within grounded physical reference', 'Physical values positive']",calibrate,0.03,,0.03,hypotonic_suboptimal,blue,Hypotonic suboptimal growth condition,none,off,System OK,2026-06-26T14:37:18
"[135.724, 136.451, 136.901]",136.35866666666666,0.5939076808169306,ACCEPT,4,0.03,136.35866666666666,0.5939076808169306,0.004018462497922146,133.9487499307382,127.49809187947247,5.059415365497162,114.25131910728673,17.240440615792583,"['Rs SD acceptable', 'Close to empirical model', 'Within grounded physical reference', 'Physical values positive']",calibrate,0.03,,0.03,hypotonic_suboptimal,blue,Hypotonic suboptimal growth condition,none,off,System OK,2026-06-26T14:38:38
"[138.132, 138.423, 138.678]",138.411,0.2731977305908633,ACCEPT,4,0.03,138.411,0.2731977305908633,0.003958877461088112,131.9625820362704,127.49809187947247,3.5016133112159276,114.25131910728673,15.502020517025318,"['Rs SD acceptable', 'Close to empirical model', 'Within grounded physical reference', 'Physical values positive']",calibrate,0.03,,0.03,hypotonic_suboptimal,blue,Hypotonic suboptimal growth condition,none,off,System OK,2026-06-26T14:39:59
"[139.418, 139.189, 139.516]",139.3743333333333,0.16781636789459384,ACCEPT,4,0.03,139.3743333333333,0.16781636789459384,0.003931514326645509,131.0504775548503,127.49809187947247,2.786226541128153,114.25131910728673,14.703688831626048,"['Rs SD acceptable', 'Close to empirical model', 'Within grounded physical reference', 'Physical values positive']",calibrate,0.03,,0.03,hypotonic_suboptimal,blue,Hypotonic suboptimal growth condition,none,off,System OK,2026-06-26T14:42:56
"[106.266408, 106.345552, 106.19187199999999]",106.267944,0.07685151314060538,REVIEW,1,0.03,106.267944,0.07685151314060538,0.005156326241398503,171.87754137995012,127.49809187947247,34.80793229629726,114.25131910728673,50.438124236053646,"['Rs SD acceptable', 'Far from empirical model', 'Drifting from grounded reference', 'Physical values positive']",calibrate,NaCl_0.03M,0.03,,0.03,REVIEW,True,hypotonic_suboptimal,blue,Hypotonic suboptimal growth condition,empirical_model_drift,pulse,Measurement far from empirical model,2026-06-29T14:18:24
"[106.60714399999999, 106.621512, 107.01334399999999]",106.74733333333332,0.23048398196259173,REVIEW,1,0.03,106.74733333333332,0.23048398196259173,0.0051331698053347155,171.10566017782386,127.49809187947247,34.202526214725516,114.25131910728673,49.76252485728287,"['Rs SD acceptable', 'Far from empirical model', 'Drifting from grounded reference', 'Physical values positive']",calibrate,NaCl_0.03M,0.03,,0.03,REVIEW,True,hypotonic_suboptimal,blue,Hypotonic suboptimal growth condition,empirical_model_drift,pulse,Measurement far from empirical model,2026-06-29T14:23:13
"[107.462064, 107.13826399999999, 107.69376]",107.43136266666666,0.2790177062577478,REVIEW,1,0.03,107.43136266666666,0.2790177062577478,0.005100486251550478,170.01620838501594,127.49809187947247,33.34804143244516,114.25131910728673,48.808967558058264,"['Rs SD acceptable', 'Far from empirical model', 'Drifting from grounded reference', 'Physical values positive']",calibrate,NaCl_0.03M,0.03,,0.03,REVIEW,True,hypotonic_suboptimal,blue,Hypotonic suboptimal growth condition,empirical_model_drift,pulse,Measurement far from empirical model,2026-06-29T14:26:39
"[279.781, 281.587, 282.892]",281.42,1.562209012904478,REJECT,-1,0.01,281.42,1.562209012904478,0.0019470975348826187,194.70975348826187,134.55393999999998,44.70758231848275,119.8478746509,62.46408545451807,"['Rs SD mildly elevated', 'Far from empirical model', 'Far from grounded reference', 'Physical values positive']",calibrate,NaCl_0.01M,0.01,,0.01,REJECT,True,hypotonic_suboptimal,blue,Hypotonic suboptimal growth condition,empirical_model_drift,pulse,Measurement far from empirical model,2026-06-29T14:29:53
"[286.116, 286.645, 286.89]",286.5503333333333,0.3955885910050153,REVIEW,1,0.01,286.5503333333333,0.3955885910050153,0.0019122371343719719,191.2237134371972,134.55393999999998,42.11677000108449,119.8478746509,59.55536466057908,"['Rs SD acceptable', 'Far from empirical model', 'Drifting from grounded reference', 'Physical values positive']",calibrate,NaCl_0.01M,0.01,,0.01,REVIEW,True,hypotonic_suboptimal,blue,Hypotonic suboptimal growth condition,empirical_model_drift,pulse,Measurement far from empirical model,2026-06-29T14:32:27
"[286.757, 287.265, 286.84000000000003]",286.954,0.2725123850396366,REVIEW,1,0.01,286.954,0.2725123850396366,0.0019095471339192573,190.95471339192574,134.55393999999998,41.91685014346348,119.8478746509,59.33091341682108,"['Rs SD acceptable', 'Far from empirical model', 'Drifting from grounded reference', 'Physical values positive']",calibrate,NaCl_0.01M,0.01,,0.01,REVIEW,True,hypotonic_suboptimal,blue,Hypotonic suboptimal growth condition,empirical_model_drift,pulse,Measurement far from empirical model,2026-06-29T14:35:38
"[28.14791, 28.278185999999998, 28.281008]",28.235701333333335,0.07604261684958828,ACCEPT,4,0.6,28.235701333333335,0.07604261684958828,0.01940636011827296,32.34393353045493,37.38736873089924,-13.489676785614762,43.846678899511,-26.23401739369672,"['Rs SD acceptable', 'Close to empirical model', 'Within grounded physical reference', 'Physical values positive']",calibrate,NaCl_0.6M,0.6,,0.6,ACCEPT,True,plasmolysis_risk,red,Plasmolysis-risk hypertonic condition,none,off,System OK,2026-06-29T14:39:52
"[28.318772, 28.41037, 28.454069999999998]",28.394403999999998,0.06904760725760124,ACCEPT,4,0.6,28.394403999999998,0.06904760725760124,0.0192978936366006,32.163156061001,37.38736873089924,-13.97320230664061,43.846678899511,-26.64631194824724,"['Rs SD acceptable', 'Close to empirical model', 'Within grounded physical reference', 'Physical values positive']",calibrate,NaCl_0.6M,0.6,,0.6,ACCEPT,True,plasmolysis_risk,red,Plasmolysis-risk hypertonic condition,none,off,System OK,2026-06-29T14:41:34
"[28.505481999999997, 28.53181, 28.468159999999997]",28.50181733333333,0.031982854177409044,ACCEPT,4,0.6,28.50181733333333,0.031982854177409044,0.019225166657209178,32.041944428681965,37.38736873089924,-14.297407075345971,43.846678899511,-26.922756220336417,"['Rs SD acceptable', 'Close to empirical model', 'Within grounded physical reference', 'Physical values positive']",calibrate,NaCl_0.6M,0.6,,0.6,ACCEPT,True,plasmolysis_risk,red,Plasmolysis-risk hypertonic condition,none,off,System OK,2026-06-29T14:43:14
"[27.899511999999998, 27.933384, 27.998369999999998]",27.943755333333332,0.05023842610326584,ACCEPT,3,0.6,27.943755333333332,0.05023842610326584,0.01960911057695347,32.68185096158912,37.38736873089924,-12.585848988675119,79.974199845511,-59.13450709763672,"['Rs SD acceptable', 'Close to empirical model', 'Drifting from grounded reference', 'Physical values positive']",calibrate,NaCl_0.6M,0.6,,0.6,ACCEPT,True,plasmolysis_risk,red,Plasmolysis-risk hypertonic condition,none,off,System OK,2026-06-30T09:21:50
"[262.72700000000003, 266.677, 268.758]",266.05400000000003,3.0633865247467313,REJECT,-2,0.6,266.05400000000003,3.0633865247467313,0.0020595525279329253,3.432587546554876,37.38736873089924,-90.81885764344263,79.974199845511,-95.7078813502533,"['Rs SD high', 'Far from empirical model', 'Far from grounded reference', 'Physical values positive']",calibrate,NaCl_0.6M,0.6,,0.6,REJECT,True,plasmolysis_risk,red,Plasmolysis-risk hypertonic condition,unstable_signal,slow_blink,High EIS variability,2026-06-30T09:27:01
"[281.061, 280.533, 281.368]",280.9873333333333,0.4223462244809616,REJECT,0,0.01,280.9873333333333,0.4223462244809616,0.0019500956920952544,195.00956920952544,134.55393999999998,44.93040427469122,120.45,61.90084616814067,"['Rs SD acceptable', 'Far from empirical model', 'Far from grounded reference', 'Physical values positive']",calibrate,NaCl_0.01M,0.01,,0.01,REJECT,True,hypotonic_suboptimal,blue,Hypotonic suboptimal growth condition,empirical_model_drift,pulse,Measurement far from empirical model,2026-06-30T09:32:13
"[279.122, 279.308, 278.96]",279.13000000000005,0.17413787640832787,REJECT,0,0.01,279.13000000000005,0.17413787640832787,0.0019630716449921775,196.30716449921775,134.55393999999998,45.89477238586828,120.45,62.97813574032191,"['Rs SD acceptable', 'Far from empirical model', 'Far from grounded reference', 'Physical values positive']",calibrate,NaCl_0.01M,0.01,,0.01,REJECT,True,hypotonic_suboptimal,blue,Hypotonic suboptimal growth condition,empirical_model_drift,pulse,Measurement far from empirical model,2026-06-30T09:35:42
"[167.66, 168.769, 169.923]",168.784,1.1315745666989896,REJECT,0,0.01,168.784,1.1315745666989896,0.003246469975037128,324.6469975037128,134.55393999999998,141.27647061372772,120.45,169.52843296281677,"['Rs SD acceptable', 'Far from empirical model', 'Far from grounded reference', 'Physical values positive']",calibrate,NaCl_0.01M,0.01,,0.01,REJECT,False,hypotonic_suboptimal,blue,Hypotonic suboptimal growth condition,empirical_model_drift,pulse,Measurement far from empirical model,2026-06-30T09:42:57
"[172.30100000000002, 172.725, 172.974]",172.66666666666666,0.3402709704534371,REVIEW,2,0.02,172.66666666666666,0.3402709704534371,0.0031734682718146715,158.67341359073356,130.66587209889218,21.434473318820665,117.96471862576144,34.50921210952819,"['Rs SD acceptable', 'Drifting from empirical model', 'Drifting from grounded reference', 'Physical values positive']",calibrate,NaCl_0.02M,0.02,,0.02,REVIEW,True,hypotonic_suboptimal,blue,Hypotonic suboptimal growth condition,review,solid,Measurement requires review,2026-06-30T09:44:25
"[171.947, 171.96800000000002, 171.191]",171.702,0.44266352910535123,REVIEW,2,0.02,171.702,0.44266352910535123,0.0031912976451448825,159.5648822572441,130.66587209889218,22.11672389595366,117.96471862576144,35.26491998294643,"['Rs SD acceptable', 'Drifting from empirical model', 'Drifting from grounded reference', 'Physical values positive']",calibrate,NaCl_0.02M,0.02,,0.02,REVIEW,True,hypotonic_suboptimal,blue,Hypotonic suboptimal growth condition,review,solid,Measurement requires review,2026-06-30T09:49:27
"[169.651, 170.16400000000002, 169.477]",169.764,0.35716802768445555,REVIEW,2,0.02,169.764,0.35716802768445555,0.0032277290136110514,161.38645068055257,130.66587209889218,23.510789839913258,117.96471862576144,36.80908373337025,"['Rs SD acceptable', 'Drifting from empirical model', 'Drifting from grounded reference', 'Physical values positive']",calibrate,NaCl_0.02M,0.02,,0.02,REVIEW,True,hypotonic_suboptimal,blue,Hypotonic suboptimal growth condition,review,solid,Measurement requires review,2026-06-30T09:53:14
"[105.63646399999999, 106.148968, 106.32964799999999]",106.03836,0.3595853330045615,REJECT,0,0.02,106.03836,0.3595853330045615,0.005167490220205844,258.3745110102922,130.66587209889218,97.73679757385004,117.96471862576144,119.02693790164116,"['Rs SD acceptable', 'Far from empirical model', 'Far from grounded reference', 'Physical values positive']",calibrate,NaCl_0.02M,0.02,,0.02,REJECT,True,hypotonic_suboptimal,blue,Hypotonic suboptimal growth condition,empirical_model_drift,pulse,Measurement far from empirical model,2026-06-30T09:58:24
"[108.822144, 108.87428, 109.17333599999999]",108.95658666666667,0.18951186176419782,REVIEW,1,0.03,108.95658666666667,0.18951186176419782,0.005029087318447567,167.63624394825223,127.49809187947247,31.481374722629955,116.05769515458674,44.44216191348949,"['Rs SD acceptable', 'Far from empirical model', 'Drifting from grounded reference', 'Physical values positive']",calibrate,NaCl_0.03M,0.03,,0.03,REVIEW,True,hypotonic_suboptimal,blue,Hypotonic suboptimal growth condition,empirical_model_drift,pulse,Measurement far from empirical model,2026-06-30T10:01:50
"[110.47346399999999, 110.462992, 110.29472]",110.410392,0.10031163633397551,REVIEW,2,0.03,110.410392,0.10031163633397551,0.004962867881735866,165.42892939119554,127.49809187947247,29.750121709727356,116.05769515458674,42.540250494245306,"['Rs SD acceptable', 'Drifting from empirical model', 'Drifting from grounded reference', 'Physical values positive']",calibrate,NaCl_0.03M,0.03,,0.03,REVIEW,True,hypotonic_suboptimal,blue,Hypotonic suboptimal growth condition,review,solid,Measurement requires review,2026-06-30T10:07:11
"[110.087944, 109.65554399999999, 109.194824]",109.646104,0.4466348271239025,REVIEW,1,0.03,109.646104,0.4466348271239025,0.004997461544704467,166.5820514901489,127.49809187947247,30.65454473438206,116.05769515458674,43.53382709200337,"['Rs SD acceptable', 'Far from empirical model', 'Drifting from grounded reference', 'Physical values positive']",calibrate,NaCl_0.03M,0.03,,0.03,REVIEW,True,hypotonic_suboptimal,blue,Hypotonic suboptimal growth condition,empirical_model_drift,pulse,Measurement far from empirical model,2026-06-30T10:12:50
"[277.697, 278.298, 277.503]",277.8326666666667,0.41450010052271213,REJECT,0,0.01,277.8326666666667,0.41450010052271213,0.0019722381634988922,197.2238163498892,134.55393999999998,46.57602471535893,120.45,63.7391584473966,"['Rs SD acceptable', 'Far from empirical model', 'Far from grounded reference', 'Physical values positive']",calibrate,NaCl_0.01M,0.01,,0.01,REJECT,True,hypotonic_suboptimal,blue,Hypotonic suboptimal growth condition,empirical_model_drift,pulse,Measurement far from empirical model,2026-06-30T10:22:22
"[276.319, 273.62600000000003, 276.996]",275.647,1.7826701882288598,REJECT,-1,0.01,275.647,1.7826701882288598,0.0019878764806679074,198.78764806679075,134.55393999999998,47.73825877324052,120.45,65.03748282838585,"['Rs SD mildly elevated', 'Far from empirical model', 'Far from grounded reference', 'Physical values positive']",calibrate,NaCl_0.01M,0.01,,0.01,REJECT,True,hypotonic_suboptimal,blue,Hypotonic suboptimal growth condition,empirical_model_drift,pulse,Measurement far from empirical model,2026-06-30T10:29:22
"[162.66, 164.684, 166.347]",164.56366666666668,1.8464431573523605,REVIEW,1,0.02,164.56366666666668,1.8464431573523605,0.0033297276328715726,166.48638164357862,130.66587209889218,27.413821963837904,117.96471862576144,41.132351759978604,"['Rs SD mildly elevated', 'Drifting from empirical model', 'Drifting from grounded reference', 'Physical values positive']",calibrate,NaCl_0.02M,0.02,,0.02,REVIEW,True,hypotonic_suboptimal,blue,Hypotonic suboptimal growth condition,review,solid,Measurement requires review,2026-06-30T10:33:56
"[171.05700000000002, 170.321, 170.542]",170.64000000000001,0.3776598999099684,REVIEW,2,0.02,170.64000000000001,0.3776598999099684,0.003211159096733864,160.5579548366932,130.66587209889218,22.876733042563494,117.96471862576144,36.106758619971096,"['Rs SD acceptable', 'Drifting from empirical model', 'Drifting from grounded reference', 'Physical values positive']",calibrate,NaCl_0.02M,0.02,,0.02,REVIEW,True,hypotonic_suboptimal,blue,Hypotonic suboptimal growth condition,review,solid,Measurement requires review,2026-06-30T10:41:20
"[110.536936, 111.514904, 111.72935199999999]",111.26039733333333,0.6356447213635394,REVIEW,2,0.03,111.26039733333333,0.6356447213635394,0.0049249526462233975,164.1650882074466,127.49809187947247,28.75885888757964,116.05769515458674,41.45127385890412,"['Rs SD acceptable', 'Drifting from empirical model', 'Drifting from grounded reference', 'Physical values positive']",calibrate,NaCl_0.03M,0.03,,0.03,REVIEW,True,hypotonic_suboptimal,blue,Hypotonic suboptimal growth condition,review,solid,Measurement requires review,2026-06-30T10:58:11
"[104.96735199999999, 104.985456, 104.993088]",104.98196533333333,0.01321832021602831,REVIEW,1,0.03,104.98196533333333,0.01321832021602831,0.005219488761968182,173.98295873227275,127.49809187947247,36.45926473687444,116.05769515458674,49.91074784014159,"['Rs SD acceptable', 'Far from empirical model', 'Drifting from grounded reference', 'Physical values positive']",calibrate,NaCl_0.03M,0.03,,0.03,REVIEW,True,hypotonic_suboptimal,blue,Hypotonic suboptimal growth condition,empirical_model_drift,pulse,Measurement far from empirical model,2026-06-30T11:01:08
"[104.51930399999999, 104.241952, 104.63575999999999]",104.465672,0.2023078811712446,ACCEPT,4,0.04,104.465672,0.2023078811712446,0.00524528467367411,131.13211684185276,124.70316,5.155408124263063,114.45,14.575899381260603,"['Rs SD acceptable', 'Close to empirical model', 'Within grounded physical reference', 'Physical values positive']",calibrate,NaCl_0.04M,0.04,,0.04,ACCEPT,True,hypotonic_suboptimal,blue,Hypotonic suboptimal growth condition,none,off,System OK,2026-06-30T11:27:18
"[90.761952, 92.284872, 93.55072799999999]",92.19918399999999,1.3963612424985155,ACCEPT,4,0.05,92.19918399999999,1.3963612424985155,0.005943134900919152,118.86269801838304,122.14649875655982,-2.688411679094833,113.03359213500127,5.156967741430176,"['Rs SD acceptable', 'Close to empirical model', 'Within grounded physical reference', 'Physical values positive']",calibrate,NaCl_0.05M,0.05,,0.05,ACCEPT,True,hypotonic_suboptimal,blue,Hypotonic suboptimal growth condition,none,off,System OK,2026-06-30T11:31:21
"[97.07461599999999, 97.153984, 97.31403999999999]",97.18087999999999,0.1219569967488536,ACCEPT,4,0.05,97.18087999999999,0.1219569967488536,0.005638477324620508,112.76954649241016,122.14649875655982,-7.676808062127185,113.03359213500127,-0.23359926691151423,"['Rs SD acceptable', 'Close to empirical model', 'Within grounded physical reference', 'Physical values positive']",calibrate,NaCl_0.05M,0.05,,0.05,ACCEPT,True,hypotonic_suboptimal,blue,Hypotonic suboptimal growth condition,none,off,System OK,2026-06-30T11:33:16
"[97.441656, 97.56779999999999, 97.550888]",97.52011466666666,0.06847134960940483,ACCEPT,4,0.05,97.52011466666666,0.06847134960940483,0.0056188632482603315,112.37726496520662,122.14649875655982,-7.99796464966504,113.03359213500127,-0.5806478918326938,"['Rs SD acceptable', 'Close to empirical model', 'Within grounded physical reference', 'Physical values positive']",calibrate,NaCl_0.05M,0.05,,0.05,ACCEPT,True,hypotonic_suboptimal,blue,Hypotonic suboptimal growth condition,none,off,System OK,2026-06-30T11:35:21
"[76.69859199999999, 76.891928, 76.851488]",76.81400266666667,0.10197335380055897,ACCEPT,4,0.06,76.81400266666667,0.10197335380055897,0.007133493493946641,118.89155823244401,119.75908850936136,-0.72439619215166,111.75306154330093,6.387741499481991,"['Rs SD acceptable', 'Close to empirical model', 'Within grounded physical reference', 'Physical values positive']",calibrate,NaCl_0.06M,0.06,,0.06,ACCEPT,True,hypotonic_suboptimal,blue,Hypotonic suboptimal growth condition,none,off,System OK,2026-06-30T11:44:34
"[76.505544, 76.754904, 76.686904]",76.64911733333334,0.12890297333007028,ACCEPT,4,0.06,76.64911733333334,0.12890297333007028,0.0071488388559482075,119.14731426580347,119.75908850936136,-0.5108374246770153,111.75306154330093,6.616599688982563,"['Rs SD acceptable', 'Close to empirical model', 'Within grounded physical reference', 'Physical values positive']",calibrate,NaCl_0.06M,0.06,,0.06,ACCEPT,True,hypotonic_suboptimal,blue,Hypotonic suboptimal growth condition,none,off,System OK,2026-06-30T11:46:14
"[68.509816, 69.500256, 70.3684]",69.45949066666667,0.9299623543807174,ACCEPT,4,0.07,69.45949066666667,0.9299623543807174,0.007888802278960947,112.6971754137278,117.49992842649657,-4.087451862384051,110.57549213361246,1.9187644921820834,"['Rs SD acceptable', 'Close to empirical model', 'Within grounded physical reference', 'Physical values positive']",calibrate,NaCl_0.07M,0.07,,0.07,ACCEPT,True,hypotonic_suboptimal,blue,Hypotonic suboptimal growth condition,none,off,System OK,2026-06-30T11:51:45
"[70.973432, 70.831608, 70.823584]",70.876208,0.0842939842218903,ACCEPT,4,0.07,70.876208,0.0842939842218903,0.007731116036380876,110.44451480544107,117.49992842649657,-6.004610994694425,110.57549213361246,-0.11845059483264006,"['Rs SD acceptable', 'Close to empirical model', 'Within grounded physical reference', 'Physical values positive']",calibrate,NaCl_0.07M,0.07,,0.07,ACCEPT,True,hypotonic_suboptimal,blue,Hypotonic suboptimal growth condition,none,off,System OK,2026-06-30T11:57:45
"[70.59778399999999, 70.686472, 70.79888]",70.69437866666665,0.10078088527758629,ACCEPT,4,0.07,70.69437866666665,0.10078088527758629,0.007751000837709228,110.7285833958461,117.49992842649657,-5.762850344956898,110.57549213361246,0.13844954182854427,"['Rs SD acceptable', 'Close to empirical model', 'Within grounded physical reference', 'Physical values positive']",calibrate,NaCl_0.07M,0.07,,0.07,ACCEPT,True,hypotonic_suboptimal,blue,Hypotonic suboptimal growth condition,none,off,System OK,2026-06-30T11:59:51
"[74.603448, 75.331152, 75.66978399999999]",75.20146133333333,0.5448695880569315,ACCEPT,3,0.08,75.20146133333333,0.5448695880569315,0.007286456653253688,91.08070816567111,115.34230419778439,-21.03442982247906,109.47943725152287,-16.805648209153382,"['Rs SD acceptable', 'Drifting from empirical model', 'Within grounded physical reference', 'Physical values positive']",calibrate,NaCl_0.08M,0.08,,0.08,ACCEPT,True,optimal_growth_range,green,Optimal ionic growth condition,none,off,System OK,2026-06-30T12:05:20
"[76.56667999999999, 76.854208, 76.96099199999999]",76.79395999999998,0.20394326285513925,ACCEPT,3,0.08,76.79395999999998,0.20394326285513925,0.007135355284017997,89.19194105022497,115.34230419778439,-22.67196180051841,109.47943725152287,-18.53087366049253,"['Rs SD acceptable', 'Drifting from empirical model', 'Within grounded physical reference', 'Physical values positive']",calibrate,NaCl_0.08M,0.08,,0.08,ACCEPT,True,optimal_growth_range,green,Optimal ionic growth condition,none,off,System OK,2026-06-30T12:11:29
"[77.816704, 77.973344, 77.75817599999999]",77.849408,0.11124963266456377,ACCEPT,3,0.08,77.849408,0.11124963266456377,0.0070386172784598,87.98271598074749,115.34230419778439,-23.720341298299164,109.47943725152287,-19.635396208137124,"['Rs SD acceptable', 'Drifting from empirical model', 'Within grounded physical reference', 'Physical values positive']",calibrate,NaCl_0.08M,0.08,,0.08,ACCEPT,True,optimal_growth_range,green,Optimal ionic growth condition,none,off,System OK,2026-06-30T12:17:35
"[71.572032, 72.913, 73.41832]",72.63445066666667,0.9541420979399952,ACCEPT,3,0.09,72.63445066666667,0.9541420979399952,0.007543970983980089,83.821899822001,113.26765999999999,-25.996617373395896,108.45,-22.70917489903089,"['Rs SD acceptable', 'Drifting from empirical model', 'Within grounded physical reference', 'Physical values positive']",calibrate,NaCl_0.09M,0.09,,0.09,ACCEPT,True,optimal_growth_range,green,Optimal ionic growth condition,none,off,System OK,2026-06-30T12:19:52
"[75.683816, 75.779872, 76.20676]",75.89014933333333,0.27836742709831536,ACCEPT,3,0.09,75.89014933333333,0.27836742709831536,0.007220333509424112,80.22592788249014,113.26765999999999,-29.17137346839323,108.45,-26.024962763955614,"['Rs SD acceptable', 'Drifting from empirical model', 'Within grounded physical reference', 'Physical values positive']",calibrate,NaCl_0.09M,0.09,,0.09,ACCEPT,True,optimal_growth_range,green,Optimal ionic growth condition,none,off,System OK,2026-06-30T12:21:35
"[73.17301599999999, 74.203848, 74.95229599999999]",74.10972,0.8933668842575262,REVIEW,1,0.1,74.10972,0.8933668842575262,0.007393796498848824,73.93796498848823,111.26248545119958,-33.54636588545572,107.47633403898973,-31.20535264845805,"['Rs SD acceptable', 'Far from empirical model', 'Drifting from grounded reference', 'Physical values positive']",kcell,NaCl_0.1M,0.1,,0.1,REVIEW,True,optimal_growth_range,green,Optimal ionic growth condition,empirical_model_drift,pulse,Measurement far from empirical model,0.785563032,2026-06-30T12:26:31
"[77.38987999999999, 77.3674, 77.616136]",77.45780533333333,0.137578296272825,ACCEPT,4,0.1,77.45780533333333,0.137578296272825,0.010562991002378688,105.62991002378688,111.26248545119958,-5.062420998929766,107.47633403898973,-1.7179819461771184,"['Rs SD acceptable', 'Close to empirical model', 'Within grounded physical reference', 'Physical values positive']",kcell,NaCl_0.1M,0.1,,0.1,ACCEPT,True,optimal_growth_range,green,Optimal ionic growth condition,none,off,System OK,0.8210527365333332,2026-06-30T12:31:59
"[74.237496, 74.36012, 74.38490399999999]",74.32750666666665,0.07893036012418363,ACCEPT,4,0.1,74.32750666666665,0.07893036012418363,0.011046418390105199,110.46418390105198,111.26248545119958,-0.7174939036372138,107.47633403898973,2.780007234874917,"['Rs SD acceptable', 'Close to empirical model', 'Within grounded physical reference', 'Physical values positive']",kcell,NaCl_0.1M,0.1,,0.1,ACCEPT,True,optimal_growth_range,green,Optimal ionic growth condition,none,off,System OK,0.7878715706666665,2026-06-30T12:52:49
"[73.96786399999999, 74.049336, 74.173904]",74.06370133333333,0.10376845619615545,ACCEPT,4,0.1,74.06370133333333,0.10376845619615545,0.010637755830224416,106.37755830224415,111.26248545119958,-4.390453016707043,107.47633403898973,-1.022342031453149,"['Rs SD acceptable', 'Close to empirical model', 'Within grounded physical reference', 'Physical values positive']",calibrate,NaCl_0.1M,0.1,,0.1,ACCEPT,True,optimal_growth_range,green,Optimal ionic growth condition,none,off,System OK,2026-06-30T12:55:17
"[73.90275199999999, 73.76288799999999, 73.657528]",73.77438933333333,0.12301590565992909,ACCEPT,4,0.1,73.77438933333333,0.12301590565992909,0.010679472616260397,106.79472616260398,111.26248545119958,-4.015512749403022,107.47633403898973,-0.63419345522009,"['Rs SD acceptable', 'Close to empirical model', 'Within grounded physical reference', 'Physical values positive']",calibrate,NaCl_0.1M,0.1,,0.1,ACCEPT,True,optimal_growth_range,green,Optimal ionic growth condition,none,off,System OK,2026-06-30T12:59:22
"[73.68465599999999, 73.558488, 73.531992]",73.59171199999999,0.08157481140645681,ACCEPT,4,0.1,73.59171199999999,0.08157481140645681,0.010705982362071787,107.05982362071786,111.26248545119958,-3.777249639389936,107.47633403898973,-0.3875368675310136,"['Rs SD acceptable', 'Close to empirical model', 'Within grounded physical reference', 'Physical values positive']",calibrate,NaCl_0.1M,0.1,,0.1,ACCEPT,True,optimal_growth_range,green,Optimal ionic growth condition,none,off,System OK,2026-06-30T13:01:12
"[60.638728, 61.111915999999994, 61.352064]",61.034236,0.36295688314729463,REVIEW,1,0.2,61.034236,0.36295688314729463,0.01290868244286152,64.5434122143076,93.54939751311964,-31.00606318148031,99.61718427000253,-35.2085559461618,"['Rs SD acceptable', 'Far from empirical model', 'Drifting from grounded reference', 'Physical values positive']",calibrate,NaCl_0.2M,0.2,,0.2,REVIEW,True,hypertonic_suboptimal,yellow,Hypertonic suboptimal growth condition,empirical_model_drift,pulse,Measurement far from empirical model,2026-06-30T13:03:10
"[62.002412, 61.883371999999994, 62.278879999999994]",62.054888,0.20290870471224148,REVIEW,1,0.2,62.054888,0.20290870471224148,0.012696366008535322,63.48183004267661,93.54939751311964,-32.14084565988388,99.61718427000253,-36.27421763837914,"['Rs SD acceptable', 'Far from empirical model', 'Drifting from grounded reference', 'Physical values positive']",calibrate,NaCl_0.2M,0.2,,0.2,REVIEW,True,hypertonic_suboptimal,yellow,Hypertonic suboptimal growth condition,empirical_model_drift,pulse,Measurement far from empirical model,2026-06-30T13:05:56
"[62.201988, 61.997324, 61.966131999999995]",62.055147999999996,0.12811996103652445,REVIEW,1,0.2,62.055147999999996,0.12811996103652445,0.012696312813026673,63.48156406513336,93.54939751311964,-32.14112997763505,99.61718427000253,-36.2744846380391,"['Rs SD acceptable', 'Far from empirical model', 'Drifting from grounded reference', 'Physical values positive']",calibrate,NaCl_0.2M,0.2,,0.2,REVIEW,True,hypertonic_suboptimal,yellow,Hypertonic suboptimal growth condition,empirical_model_drift,pulse,Measurement far from empirical model,2026-06-30T13:08:12
"[61.736883999999996, 61.294368, 61.420652]",61.483968,0.22795128746291285,REVIEW,1,0.2,61.483968,0.22795128746291285,0.012814260307120491,64.07130153560246,93.54939751311964,-31.510727766454178,99.61718427000253,-35.682480884077656,"['Rs SD acceptable', 'Far from empirical model', 'Drifting from grounded reference', 'Physical values positive']",calibrate,NaCl_0.2M,0.2,,0.2,REVIEW,True,hypertonic_suboptimal,yellow,Hypertonic suboptimal growth condition,empirical_model_drift,pulse,Measurement far from empirical model,2026-06-30T13:09:52
"[60.916391999999995, 60.933063999999995, 60.610535999999996]",60.81999733333333,0.18159027098755323,REVIEW,1,0.2,60.81999733333333,0.18159027098755323,0.012954153324746389,64.77076662373194,93.54939751311964,-30.763031782595608,99.61718427000253,-34.9803278436608,"['Rs SD acceptable', 'Far from empirical model', 'Drifting from grounded reference', 'Physical values positive']",calibrate,NaCl_0.2M,0.2,,0.2,REVIEW,True,hypertonic_suboptimal,yellow,Hypertonic suboptimal growth condition,empirical_model_drift,pulse,Measurement far from empirical model,2026-06-30T13:13:33
"[49.650416, 49.674195999999995, 49.907716]",49.744109333333334,0.14218554122460486,REVIEW,1,0.3,49.744109333333334,0.14218554122460486,0.015838489847856553,52.79496615952185,78.11405921973639,-32.41297829497176,93.58664654969004,-43.587073470476106,"['Rs SD acceptable', 'Far from empirical model', 'Drifting from grounded reference', 'Physical values positive']",calibrate,NaCl_0.3M,0.3,,0.3,REVIEW,True,hypertonic_suboptimal,yellow,Hypertonic suboptimal growth condition,empirical_model_drift,pulse,Measurement far from empirical model,2026-06-30T13:17:42
"[50.4535, 50.542075999999994, 50.394064]",50.46321333333333,0.07448254607176705,REVIEW,1,0.3,50.46321333333333,0.07448254607176705,0.015612790360027275,52.04263453342425,78.11405921973639,-33.37609765352574,93.58664654969004,-44.39096126198721,"['Rs SD acceptable', 'Far from empirical model', 'Drifting from grounded reference', 'Physical values positive']",calibrate,NaCl_0.3M,0.3,,0.3,REVIEW,True,hypertonic_suboptimal,yellow,Hypertonic suboptimal growth condition,empirical_model_drift,pulse,Measurement far from empirical model,2026-06-30T13:20:08
"[50.737384, 50.609711999999995, 50.810372]",50.719156,0.10156428450986422,REVIEW,1,0.3,50.719156,0.10156428450986422,0.015534003970150183,51.78001323383394,78.11405921973639,-33.71229999944601,93.58664654969004,-44.67157960795056,"['Rs SD acceptable', 'Far from empirical model', 'Drifting from grounded reference', 'Physical values positive']",calibrate,NaCl_0.3M,0.3,,0.3,REVIEW,True,hypertonic_suboptimal,yellow,Hypertonic suboptimal growth condition,empirical_model_drift,pulse,Measurement far from empirical model,2026-06-30T13:22:34
"[45.523424, 45.786491999999996, 45.878783999999996]",45.72956666666666,0.18439238753628845,REVIEW,2,0.3,45.72956666666666,0.18439238753628845,0.017228931479050386,57.42977159683462,78.11405921973639,-26.479596412620758,93.58664654969004,-38.634651722089274,"['Rs SD acceptable', 'Drifting from empirical model', 'Drifting from grounded reference', 'Physical values positive']",calibrate,NaCl_0.3M,0.3,,0.3,REVIEW,False,hypertonic_suboptimal,yellow,Hypertonic suboptimal growth condition,review,solid,Measurement requires review,2026-06-30T13:25:42
"[46.318231999999995, 46.364732, 46.1536]",46.27885466666667,0.1109374199327403,REVIEW,1,0.4,46.27885466666667,0.1109374199327403,0.017024439700193093,42.56109925048273,63.85777090239915,-33.35016451555516,88.50266807797945,-51.90981224093463,"['Rs SD acceptable', 'Far from empirical model', 'Drifting from grounded reference', 'Physical values positive']",calibrate,NaCl_0.4M,0.4,,0.4,REVIEW,True,hypertonic_suboptimal,yellow,Hypertonic suboptimal growth condition,empirical_model_drift,pulse,Measurement far from empirical model,2026-06-30T13:32:31
"[46.201311999999994, 46.357096, 46.28304]",46.280482666666664,0.07792347931999485,REVIEW,1,0.4,46.280482666666664,0.07792347931999485,0.017023840834618775,42.55960208654693,63.85777090239915,-33.35250904452107,88.50266807797945,-51.91150390059678,"['Rs SD acceptable', 'Far from empirical model', 'Drifting from grounded reference', 'Physical values positive']",calibrate,NaCl_0.4M,0.4,,0.4,REVIEW,True,hypertonic_suboptimal,yellow,Hypertonic suboptimal growth condition,empirical_model_drift,pulse,Measurement far from empirical model,2026-06-30T13:34:55
"[46.038824, 45.991184, 45.997788]",46.00926533333333,0.025810642869431518,REVIEW,1,0.4,46.00926533333333,0.025810642869431518,0.017124193680525042,42.810484201312605,63.85777090239915,-32.95963263931563,88.50266807797945,-51.628029831154464,"['Rs SD acceptable', 'Far from empirical model', 'Drifting from grounded reference', 'Physical values positive']",calibrate,NaCl_0.4M,0.4,,0.4,REVIEW,True,hypertonic_suboptimal,yellow,Hypertonic suboptimal growth condition,empirical_model_drift,pulse,Measurement far from empirical model,2026-06-30T13:38:59
"[45.93354, 45.857687999999996, 45.995636]",45.92895466666666,0.06908821634210464,REVIEW,1,0.5,45.92895466666666,0.06908821634210464,0.01715413678331484,34.30827356662968,50.35496049446099,-31.867142323736775,84.02359312880715,-59.168285609929214,"['Rs SD acceptable', 'Far from empirical model', 'Drifting from grounded reference', 'Physical values positive']",calibrate,NaCl_0.5M,0.5,,0.5,REVIEW,True,hypertonic_suboptimal,yellow,Hypertonic suboptimal growth condition,empirical_model_drift,pulse,Measurement far from empirical model,2026-06-30T13:48:38
"[47.069496, 47.048324, 47.114335999999994]",47.077385333333325,0.03370574463401,REJECT,0,0.5,47.077385333333325,0.03370574463401,0.016735669687008105,33.47133937401621,50.35496049446099,-33.529211332222104,84.02359312880715,-60.16435607234143,"['Rs SD acceptable', 'Far from empirical model', 'Far from grounded reference', 'Physical values positive']",calibrate,NaCl_0.5M,0.5,,0.5,REJECT,True,hypertonic_suboptimal,yellow,Hypertonic suboptimal growth condition,empirical_model_drift,pulse,Measurement far from empirical model,2026-06-30T14:06:33
"[47.130179999999996, 47.061916, 46.986059999999995]",47.05938533333333,0.0720933201158984,REJECT,0,0.5,47.05938533333333,0.0720933201158984,0.016742071004242323,33.484142008484646,50.35496049446099,-33.50378655908611,84.02359312880715,-60.14911912044292,"['Rs SD acceptable', 'Far from empirical model', 'Far from grounded reference', 'Physical values positive']",calibrate,NaCl_0.5M,0.5,,0.5,REJECT,True,hypertonic_suboptimal,yellow,Hypertonic suboptimal growth condition,empirical_model_drift,pulse,Measurement far from empirical model,2026-06-30T14:09:44
"[54.691032, 54.961071999999994, 55.05752]",54.903208,0.18997248592361787,REJECT,0,0.6,54.903208,0.18997248592361787,0.014350191898926315,23.916986498210527,37.38736873089924,-36.02923310715887,79.974199845511,-70.0941221738863,"['Rs SD acceptable', 'Far from empirical model', 'Far from grounded reference', 'Physical values positive']",calibrate,NaCl_0.6M,0.6,,0.6,REJECT,True,plasmolysis_risk,red,Plasmolysis-risk hypertonic condition,empirical_model_drift,pulse,Measurement far from empirical model,2026-06-30T14:13:27
"[55.46722, 55.444027999999996, 55.294216]",55.40182133333334,0.09390765696860473,REJECT,0,0.6,55.40182133333334,0.09390765696860473,0.014221040964092487,23.701734940154147,37.38736873089924,-36.6049664774468,79.974199845511,-70.36327342325445,"['Rs SD acceptable', 'Far from empirical model', 'Far from grounded reference', 'Physical values positive']",calibrate,NaCl_0.6M,0.6,,0.6,REJECT,True,plasmolysis_risk,red,Plasmolysis-risk hypertonic condition,empirical_model_drift,pulse,Measurement far from empirical model,2026-06-30T14:17:55
